ingredient_id,naam,specificatie,gebruikt_in,richtprijs_huidig,oude_link_niet_gecontroleerd,productnaam,variant,inhoud_ml,url,ean,prijs,op_voorraad,prijs_gecontroleerd_op,status,notitie
bourbon,Bourbon,"Straight bourbon uit de VS, 40–50%. Geen 'American whiskey' of Tennessee whiskey met een andere naam, geen gearomatiseerde (honing, kers) varianten.","Whiskey Sour, Whiskey Smash, Kentucky Buck, Seelbach +18","16 (700 ml, 2026-09)",https://drankdozijn.nl/groep/whisky/bourbon-whiskey?orderBy=price,,,,,,,,,te_beoordelen,Nog op te zoeken op drankdozijn.nl
rye,Rye whisky,"Echte rye whiskey (label 'Rye Whiskey', min. 51% rogge). Geen Canadese blend die 'rye' heet maar weinig rogge bevat, geen bourbon.","Ward 8, New York Sour, Trinidad Sour, Washington Apple +19","20 (700 ml, 2026-09)",https://drankdozijn.nl/groep/whisky/rye-whisky?orderBy=price,,,,,,,,,te_beoordelen,Nog op te zoeken op drankdozijn.nl
scotch,Scotch (blended),"Blended Scotch whisky uit Schotland, niet rokerig-Islay als hoofdsmaak. Geen single malt nodig; geen whisky-likeur.","Blood and Sand, Rusty Nail, Godfather, Whisky Mac +6","15 (700 ml, 2026-09)",https://drankdozijn.nl/groep/whisky/blended?orderBy=price,,,,,,,,,te_beoordelen,Nog op te zoeken op drankdozijn.nl
irish_whiskey,Irish whiskey,Irish whiskey (blend is prima). Geen Irish cream of gearomatiseerde varianten.,"Tipperary, Irish Coffee","20 (700 ml, 2026-09)",https://drankdozijn.nl/groep/whisky/ierland?orderBy=price,,,,,,,,,te_beoordelen,Nog op te zoeken op drankdozijn.nl
white_rum,Witte rum,"Witte/lichte rum, 37,5–40%. Geen spiced rum, geen kokosrum (zoals Malibu), geen overproof.","Daiquiri, Between the Sheets, Mary Pickford, Hemingway Special +31","13 (700 ml, 2026-09)",https://drankdozijn.nl/groep/rum/white-rum?orderBy=price,,,,,,,,,te_beoordelen,Nog op te zoeken op drankdozijn.nl
dark_rum,Donkere rum,"Donkere of gerijpte rum, 40%. Geen spiced rum en geen rum-likeur.","Don's Special Daiquiri, Jamaican Mule, Cable Car, Kingston Negroni +22","15 (700 ml, 2026-09)",https://drankdozijn.nl/groep/rum/dark-rum?orderBy=price,,,,,,,,,te_beoordelen,Nog op te zoeken op drankdozijn.nl
cachaca,Cachaça,Cachaça uit Brazilië (prata/witte is standaard voor Caipirinha). Geen rum.,"Caipirinha, Rabo de Galo","14 (700 ml, 2026-09)",https://drankdozijn.nl/groep/rum/cachaa?orderBy=price,,,,,,,,,te_beoordelen,Nog op te zoeken op drankdozijn.nl
gin,Gin,"London Dry gin met jeneverbes voorop, 37,5–47%. Geen gearomatiseerde/roze gin, geen sloe gin, geen jenever.","Gimlet, Bee's Knees, Clover Club, Aviation +71","15 (700 ml, 2026-09)",https://drankdozijn.nl/groep/gin/gin?orderBy=price,,,,,,,,,te_beoordelen,Nog op te zoeken op drankdozijn.nl
tequila_blanco,Tequila blanco,"Tequila blanco (plata/silver) van 100% blauwe agave — staat zo op het etiket. Geen 'mixto' zonder 100% agave, geen gold/reposado.","Margarita, Tommy's Margarita, Grand Margarita, Ranch Water +14","22 (700 ml, 2026-09)",https://drankdozijn.nl/groep/tequila/blanco?orderBy=price,,,,,,,,,te_beoordelen,Nog op te zoeken op drankdozijn.nl
mezcal,Mezcal,"Mezcal (joven/espadín). Geen tequila, geen mezcal-likeur.","Oaxaca Old Fashioned, Illegal, Naked and Famous","45 (700 ml, 2026-09)",https://drankdozijn.nl/groep/tequila/mezcal?orderBy=price,,,,,,,,,te_beoordelen,Nog op te zoeken op drankdozijn.nl
vodka,Wodka,"Pure wodka zonder smaak, 37,5–40%. Geen gearomatiseerde varianten (citroen, vanille enz.).","Cosmopolitan, Lemon Drop Martini, Spicy Fifty, Apple Martini +37","14 (700 ml, 2026-09)",https://drankdozijn.nl/groep/vodka/vodka?orderBy=price,,,,,,,,,te_beoordelen,Nog op te zoeken op drankdozijn.nl
pisco,Pisco,Pisco (Peruaans 'quebranta' of acholado is klassiek voor Pisco Sour). Geen grappa.,"Pisco Sour, Pisco Punch","18 (700 ml, 2026-09)",https://drankdozijn.nl/groep/sterke-drank/pisco?orderBy=price,,,,,,,,,te_beoordelen,Nog op te zoeken op drankdozijn.nl
cognac,Cognac / brandy,"Cognac VS/VSOP (of vergelijkbare Franse druivenbrandy). Geen brandy-likeur, geen vruchtenbrandewijn.","Sidecar, Between the Sheets, Brandy Crusta, Metropolitan +31","28 (700 ml, 2026-09)",https://drankdozijn.nl/groep/cognac/cognac?orderBy=price,,,,,,,,,te_beoordelen,Nog op te zoeken op drankdozijn.nl
calvados,Calvados (appelbrandy),Calvados (AOC). Geen appellikeur of 'apple brandy'-likeur.,"Jack Rose, Pink Lady, Diamondback, Corpse Reviver #1 +4","20 (700 ml, 2026-09)",https://drankdozijn.nl/groep/cognac/calvados?orderBy=price,,,,,,,,,te_beoordelen,Nog op te zoeken op drankdozijn.nl
genever,Genever,"Jonge of oude graanjenever. Geen gin, geen vruchtenjenever/bessenjenever.",Delft Donkey,"16 (700 ml, 2026-09)",https://drankdozijn.nl/groep/jenever?orderBy=price,,,,,,,,,te_beoordelen,Nog op te zoeken op drankdozijn.nl
grappa,Grappa,Grappa (bianca). Geen grappa-likeur.,Grappa Manhattan,"20 (700 ml, 2026-09)",https://drankdozijn.nl/groep/sterke-drank/grappa?orderBy=price,,,,,,,,,te_beoordelen,Nog op te zoeken op drankdozijn.nl
triple_sec,Triple sec,"Triple sec of Cointreau (heldere sinaasappellikeur, ± 30–40%). Geen Grand Marnier (cognacbasis) en geen blue curaçao.","Margarita, Cosmopolitan, Sidecar, Between the Sheets +33","14 (700 ml, 2026-09)",https://drankdozijn.nl/artikel/fles-de-kuyper-triple-sec-70cl,,,,,,,,,te_beoordelen,Nog op te zoeken op drankdozijn.nl
grand_marnier,Grand Marnier,Alleen Grand Marnier Cordon Rouge. Geen andere Grand Marnier-varianten en geen goedkope triple sec.,"Grand Margarita, B-52","22 (700 ml, 2026-09)",https://drankdozijn.nl/merk/grand-marnier,,,,,,,,,te_beoordelen,Nog op te zoeken op drankdozijn.nl
sweet_vermouth,Zoete vermout,"Rode (rosso) zoete vermout, bv. Italiaanse stijl. Geen droge/witte vermout, geen bianco.","Blood and Sand, Red Hook, Greenpoint, Perfect Martini +27","9 (750 ml, 2026-09)",https://drankdozijn.nl/groep/wijn/vermout?orderBy=price,,,,,,,,,te_beoordelen,Nog op te zoeken op drankdozijn.nl
dry_vermouth,Droge vermout,Droge (extra) dry vermout. Geen bianco (die is zoet) en geen rode vermout.,"Algonquin, Scofflaw, Old Pal, Perfect Martini +23","9 (750 ml, 2026-09)",https://drankdozijn.nl/groep/wijn/vermout?orderBy=price,,,,,,,,,te_beoordelen,Nog op te zoeken op drankdozijn.nl
campari,Campari,"Campari Bitter. Geen Campari-soda in blik, geen andere bitter onder de naam Campari.","Jasmine, Old Pal, Kingston Negroni, Americano +6","17 (700 ml, 2026-09)",https://drankdozijn.nl/merk/campari,,,,,,,,,te_beoordelen,Nog op te zoeken op drankdozijn.nl
aperol,Aperol,Aperol. Geen kant-en-klare Aperol Spritz.,"Aperol Spritz, Paper Plane, Naked and Famous, Combined Forces","13 (700 ml, 2026-09)",https://drankdozijn.nl/merk/aperol,,,,,,,,,te_beoordelen,Nog op te zoeken op drankdozijn.nl
amaro_nonino,Amaro Nonino,Amaro Nonino Quintessentia. Geen andere amaro.,"Black Manhattan, Brooklyn, Paper Plane","32 (500 ml, 2026-09)",https://drankdozijn.nl/merk/nonino,,,,,,,,,te_beoordelen,Nog op te zoeken op drankdozijn.nl
cynar,Cynar,"Cynar (de gewone, 16,5%).","Rabo de Galo, Little Italy, White Negroni","15 (700 ml, 2026-09)",https://drankdozijn.nl/artikel/fles-cynar-70cl,,,,,,,,,te_beoordelen,Nog op te zoeken op drankdozijn.nl
fernet_branca,Fernet-Branca,Fernet-Branca (niet Branca Menta).,"Toronto, Fernandito, Hanky Panky","20 (700 ml, 2026-09)",https://drankdozijn.nl/merk/fernet-branca,,,,,,,,,te_beoordelen,Nog op te zoeken op drankdozijn.nl
yellow_chartreuse,Gele Chartreuse,Chartreuse Jaune (geel). Geen groene.,"Diamondback, Greenpoint, Widow's Kiss, Naked and Famous","85 (700 ml, 2026-09)",https://drankdozijn.nl/merk/chartreuse,,,,,,,,,te_beoordelen,Nog op te zoeken op drankdozijn.nl
green_chartreuse,Groene Chartreuse,Chartreuse Verte (groen). Geen gele.,"The Final Ward, Bijou, Tipperary, Chartreuse Swizzle +3","70 (700 ml, 2026-09)",https://drankdozijn.nl/merk/chartreuse,,,,,,,,,te_beoordelen,Nog op te zoeken op drankdozijn.nl
maraschino_liqueur,Maraschino-likeur,"Maraschino-likeur (helder, bv. Luxardo). Geen cherry brandy (die is rood en zoet).","Aviation, Brandy Crusta, Casino, Mary Pickford +13","19 (700 ml, 2026-09)",https://drankdozijn.nl/artikel/fles-bols-maraschino-70cl,,,,,,,,,te_beoordelen,Nog op te zoeken op drankdozijn.nl
coffee_liqueur,Koffielikeur (Kahlúa),Koffielikeur (bv. Kahlúa-stijl). Geen koffie-crème of room-likeur.,"Separator, B-52, Bushwacker, Espresso Martini +5","16 (700 ml, 2026-09)",https://drankdozijn.nl/groep/likeuren/koffielikeur?orderBy=price,,,,,,,,,te_beoordelen,Nog op te zoeken op drankdozijn.nl
creme_de_mure,Braambessenlikeur,Crème de mûre. Geen cassis.,"Rum Runner, Bramble, Queen Mother Cocktail, Hedgerow Collins","13 (700 ml, 2026-09)",https://drankdozijn.nl/artikel/fles-merlet-creme-de-mure-70cl,,,,,,,,,te_beoordelen,Nog op te zoeken op drankdozijn.nl
creme_de_cassis,Crème de cassis,"Crème de cassis. Geen bessenjenever, geen mûre.","El Diablo, Kir Royale, Kir, Russian Spring Punch +1","12 (700 ml, 2026-09)",https://drankdozijn.nl/artikel/fles-de-kuyper-creme-de-cassis-70cl,,,,,,,,,te_beoordelen,Nog op te zoeken op drankdozijn.nl
creme_de_cacao,Crème de cacao (wit),Crème de cacao blanc (wit/helder). De bruine smaakt hetzelfde maar kleurt de cocktail.,"Twentieth Century, Pink Squirrel, Alexander, Brandy Alexander +5","12 (700 ml, 2026-09)",https://drankdozijn.nl/artikel/fles-de-kuyper-creme-de-cacao-wit-70cl,,,,,,,,,te_beoordelen,Nog op te zoeken op drankdozijn.nl
creme_de_menthe,Crème de menthe (wit),"Crème de menthe (groen voor Grasshopper, wit voor Stinger).","Stinger, Grasshopper, Avondale Habit","12 (700 ml, 2026-09)",https://drankdozijn.nl/artikel/fles-de-kuyper-creme-de-menthe-wit-70cl,,,,,,,,,te_beoordelen,Nog op te zoeken op drankdozijn.nl
creme_de_violette,Crème de violette,Crème de violette (likeur). Geen siroop.,Aviation,"24 (700 ml, 2026-09)",https://drankdozijn.nl/artikel/fles-monin-violette-70cl,,,,,,,,,te_beoordelen,Nog op te zoeken op drankdozijn.nl
chambord,Chambord (frambozenlikeur),Chambord of een vergelijkbare crème de framboise. Geen siroop.,French Martini,"18 (500 ml, 2026-09)",https://drankdozijn.nl/artikel/fles-chambord-liqueure-royale-de-france-50cl,,,,,,,,,te_beoordelen,Nog op te zoeken op drankdozijn.nl
amaretto,Amaretto,Amaretto. Geen amandelsiroop (orgeat).,"Amaretto Sour, French Connection, Godfather, Godmother +3","16 (700 ml, 2026-09)",https://drankdozijn.nl/merk/disaronno,,,,,,,,,te_beoordelen,Nog op te zoeken op drankdozijn.nl
frangelico,Frangelico (hazelnootlikeur),Frangelico of vergelijkbare hazelnootlikeur.,"Nutty Irishman, IBA Tiki","16 (700 ml, 2026-09)",https://drankdozijn.nl/merk/frangelico,,,,,,,,,te_beoordelen,Nog op te zoeken op drankdozijn.nl
galliano,Galliano (kruidenlikeur),Galliano L'Autentico (geel). Geen Galliano Ristretto.,"Golden Cadillac, Golden Dream, Harvey Wallbanger","16 (500 ml, 2026-09)",https://drankdozijn.nl/merk/galliano,,,,,,,,,te_beoordelen,Nog op te zoeken op drankdozijn.nl
sour_apple_liqueur,Appellikeur (sour apple),Sour apple-likeur (groen). Geen calvados.,"Apple Martini, Washington Apple","11 (700 ml, 2026-09)",https://drankdozijn.nl/artikel/fles-de-kuyper-sour-apple-70cl,,,,,,,,,te_beoordelen,Nog op te zoeken op drankdozijn.nl
lychee_liqueur,Lychee-likeur,Lycheelikeur. Geen siroop.,Lychee Martini,"12 (700 ml, 2026-09)",https://drankdozijn.nl/artikel/fles-de-kuyper-kwai-feh-lychee-70cl,,,,,,,,,te_beoordelen,Nog op te zoeken op drankdozijn.nl
blue_curacao,Blauwe curaçao,"Blue curaçao (likeur, niet de alcoholvrije siroop).","Blue Lagoon, Blue Hawaiian, Yale Cocktail","11 (700 ml, 2026-09)",https://drankdozijn.nl/artikel/fles-de-kuyper-blue-curacao-70cl,,,,,,,,,te_beoordelen,Nog op te zoeken op drankdozijn.nl
sloe_gin,Sloe gin,"Sloe gin. Geen gewone gin, geen bessenjenever.","Sloe Gin Fizz, Sloe Gin Sour","18 (700 ml, 2026-09)",https://drankdozijn.nl/groep/gin/sloe-gin?orderBy=price,,,,,,,,,te_beoordelen,Nog op te zoeken op drankdozijn.nl
pimms,Pimm's No. 1,Pimm's No. 1 Cup. Geen kant-en-klare blikjes.,"Pimm's Cup, On the Lawn","12.5 (700 ml, 2026-09)",https://drankdozijn.nl/artikel/fles-pimms-no-1-70cl,,,,,,,,,te_beoordelen,Nog op te zoeken op drankdozijn.nl
advocaat,Advocaat,Advocaat (eierlikeur).,Snowball,"8 (500 ml, 2026-09)",https://drankdozijn.nl/artikel/fles-zwarte-kip-advocaat-50cl,,,,,,,,,te_beoordelen,Nog op te zoeken op drankdozijn.nl
ginger_wine,Gemberwijn (bijv. Stone's),Ginger wine. Geen gemberlikeur of gemberbier.,"Whisky Mac, Hong Kong Sling","12 (700 ml, 2026-09)",https://drankdozijn.nl/artikel/fles-hutchisons-ginger-wine-70cl,,,,,,,,,te_beoordelen,Nog op te zoeken op drankdozijn.nl
drambuie,Drambuie,Drambuie.,"Rusty Nail, Italian Heather","22 (700 ml, 2026-09)",https://drankdozijn.nl/merk/drambuie,,,,,,,,,te_beoordelen,Nog op te zoeken op drankdozijn.nl
apricot_brandy,Abrikozenlikeur (apricot brandy),Apricot brandy (abrikozenlikeur).,"Paradise, Angel Face, Missionary's Downfall, Harlequin +1","12 (700 ml, 2026-09)",https://drankdozijn.nl/artikel/fles-de-kuyper-apricot-brandy-70cl,,,,,,,,,te_beoordelen,Nog op te zoeken op drankdozijn.nl
cherry_brandy,Kersenlikeur (cherry brandy),"Cherry brandy (rode kersenlikeur). Geen maraschino, geen kirsch.","Blood and Sand, Remember the Maine, Kiss in the Dark, Singapore Sling","12 (700 ml, 2026-09)",https://drankdozijn.nl/artikel/fles-bols-cherry-brandy-70cl,,,,,,,,,te_beoordelen,Nog op te zoeken op drankdozijn.nl
benedictine,Bénédictine,Bénédictine D.O.M. Geen B&B (dat is al gemengd met cognac).,"Vieux Carré, B & B, Bobby Burns, Widow's Kiss +4","23 (700 ml, 2026-09)",https://drankdozijn.nl/artikel/fles-dom-benedictine-70cl,,,,,,,,,te_beoordelen,Nog op te zoeken op drankdozijn.nl
falernum,Falernum,"Velvet falernum (likeur, met alcohol). Geen falernum-siroop.","Corn 'n Oil, Nuclear Daiquiri, Chartreuse Swizzle, Illegal +2","19 (700 ml, 2026-09)",https://drankdozijn.nl/artikel/fles-taylors-velvet-falernum-70cl,,,,,,,,,te_beoordelen,Nog op te zoeken op drankdozijn.nl
allspice_liqueur,Piment-likeur (Allspice Dram),Allspice dram / pimento dram.,Three Dots and a Dash,"20 (200 ml, 2026-09)",https://drankdozijn.nl/artikel/fles-the-bitter-truth-pimento-dram-liqueur-50cl,,,,,,,,,te_beoordelen,Nog op te zoeken op drankdozijn.nl
passion_fruit_liqueur,Passievrucht-likeur,Passievruchtlikeur (bv. Passoã-stijl). Geen siroop.,"Porn Star Martini, Passion Fruit Margarita","12 (700 ml, 2026-09)",https://drankdozijn.nl/artikel/fles-passoa-70cl,,,,,,,,,te_beoordelen,Nog op te zoeken op drankdozijn.nl
port,Portwijn (ruby),Ruby port. Geen witte port of tawny.,Porto Flip,"10 (750 ml, 2026-09)",https://drankdozijn.nl/groep/wijn/port?orderBy=price,,,,,,,,,te_beoordelen,Nog op te zoeken op drankdozijn.nl
sherry,Sherry,Fino of amontillado (droog). Geen cream sherry.,"Adonis, Bamboo, Sherry Cobbler, London Calling +3","8 (750 ml, 2026-09)",https://drankdozijn.nl/groep/wijn/sherry?orderBy=price,,,,,,,,,te_beoordelen,Nog op te zoeken op drankdozijn.nl
lillet_blanc,Lillet Blanc,Lillet Blanc. Geen Lillet Rosé of Rouge.,"Twentieth Century, Vesper, Corpse Reviver No. 2, White Negroni","15 (750 ml, 2026-09)",https://drankdozijn.nl/artikel/fles-lillet-blanc-75cl,,,,,,,,,te_beoordelen,Nog op te zoeken op drankdozijn.nl
absinthe,Absinthe,Absint. Geen pastis of anijslikeur.,"Monkey Gland, Improved Whiskey Cocktail, Death in the Afternoon, Dr. Funk +9","22 (700 ml, 2026-09)",https://drankdozijn.nl/groep/sterke-drank/absint?orderBy=price,,,,,,,,,te_beoordelen,Nog op te zoeken op drankdozijn.nl
angostura,Angostura bitters,Angostura Aromatic Bitters. Geen Angostura Orange of Amaro di Angostura.,"Pisco Sour, Brandy Crusta, Trinidad Sour, Kentucky Buck +37","14 (200 ml, 2026-09)",https://drankdozijn.nl/merk/angostura,,,,,,,,,te_beoordelen,Nog op te zoeken op drankdozijn.nl
peychauds,Peychaud's bitters,Peychaud's Aromatic Cocktail Bitters.,"Greenpoint, Seelbach, Sazerac, Vieux Carré","13 (150 ml, 2026-09)",https://drankdozijn.nl/artikel/fles-peychauds-bitter-148cl,,,,,,,,,te_beoordelen,Nog op te zoeken op drankdozijn.nl
orange_bitters,Orange bitters,Orange bitters (dash-flesje). Geen sinaasappellikeur.,"Casino, Scofflaw, Satan's Whiskers, Adonis +8","9.5 (100 ml, 2026-09)",https://drankdozijn.nl/groep/cocktails/bitters?orderBy=price,,,,,,,,,te_beoordelen,Nog op te zoeken op drankdozijn.nl
prosecco,Prosecco / champagne,"Prosecco brut of extra dry, of champagne/cava brut. Geen zoete (dolce) mousserende wijn.","Death in the Afternoon, Air Mail, French 76, Poinsettia +23","8 (750 ml, 2026-09)",https://drankdozijn.nl/groep/wijn/prosecco?orderBy=price,,,,,,,,,te_beoordelen,Nog op te zoeken op drankdozijn.nl
white_wine,Witte wijn,Droge witte wijn.,"Kir, Pisco Punch, Pink Sangria","6 (750 ml, 2026-09)",https://drankdozijn.nl/groep/wijn?orderBy=price,,,,,,,,,te_beoordelen,Nog op te zoeken op drankdozijn.nl
red_wine,Rode wijn,"Droge, fruitige rode wijn.","New York Sour, Mulled Wine (Glühwein), Sangria","6 (750 ml, 2026-09)",https://drankdozijn.nl/groep/wijn?orderBy=price,,,,,,,,,te_beoordelen,Nog op te zoeken op drankdozijn.nl
sake,Sake,Sake (junmai is prima).,Sake Martini,"12 (720 ml, 2026-09)",https://drankdozijn.nl/groep/wijn/sake?orderBy=price,,,,,,,,,te_beoordelen,Nog op te zoeken op drankdozijn.nl
peach_schnapps,Perzikschnapps,Peach schnapps / perziklikeur. Geen perzikpuree of -siroop.,"Sex on the Beach, Woo Woo, Fuzzy Navel, Perfect Lady +3","12 (700 ml, 2026-09)",,,,,,,,,,te_beoordelen,Nog op te zoeken op drankdozijn.nl
irish_cream,Ierse room-likeur (Baileys),Irish cream (bv. Baileys Original). Geen gearomatiseerde varianten.,"Nutty Irishman, B-52","15 (700 ml, 2026-09)",https://drankdozijn.nl/merk/baileys,,,,,,,,,te_beoordelen,Nog op te zoeken op drankdozijn.nl
creme_de_noyaux,"Crème de noyaux (amandellikeur, roze)",Crème de noyaux (roze). Geen amaretto.,Pink Squirrel,"18 (700 ml, 2026-09)",https://drankdozijn.nl/groep/likeuren?orderBy=price,,,,,,,,,te_beoordelen,Nog op te zoeken op drankdozijn.nl
banana_liqueur,Bananenlikeur,Crème de banane / bananenlikeur.,"Rum Runner, June Bug","14 (700 ml, 2026-09)",https://drankdozijn.nl/artikel/fles-de-kuyper-creme-de-bananes-70cl,,,,,,,,,te_beoordelen,Nog op te zoeken op drankdozijn.nl
melon_liqueur,Meloenlikeur (Midori),Groene meloenlikeur (bv. Midori).,"Melon Ball, Honeydew, June Bug","16 (700 ml, 2026-09)",https://drankdozijn.nl/merk/midori,,,,,,,,,te_beoordelen,Nog op te zoeken op drankdozijn.nl
